{"name":"35291f8e-b1d1-49b1-b0bc-366f7c717593","id":"/providers/Microsoft.Flow/flows/35291f8e-b1d1-49b1-b0bc-366f7c717593","type":"Microsoft.Flow/flows","properties":{"apiId":"/providers/Microsoft.PowerApps/apis/shared_logicflows","displayName":"SafetyCross SharePoint List","definition":{"metadata":{"workflowEntityId":null,"processAdvisorMetadata":null,"flowChargedByPaygo":null,"flowclientsuspensionreason":"None","flowclientsuspensiontime":null,"flowclientsuspensionreasondetails":null,"creator":{"id":"17ebb22e-7b9b-495c-a50f-259ece46ae67","type":"User","tenantId":"b0063196-4e81-408e-9d78-f08004169f9a"},"provisioningMethod":"FromDefinition","failureAlertSubscription":true,"clientLastModifiedTime":"2023-10-11T13:44:54.8697704Z"},"$schema":"https://schema.management.azure.com/providers/Microsoft.Logic/schemas/2016-06-01/workflowdefinition.json#","contentVersion":"1.0.0.0","parameters":{"$connections":{"defaultValue":{},"type":"Object"},"$authentication":{"defaultValue":{},"type":"SecureObject"}},"triggers":{"manual":{"metadata":{"operationMetadataId":"0d1d603e-2c7c-4239-b1a4-067e4e2e9510"},"type":"Request","kind":"Button","inputs":{"schema":{"type":"object","properties":{},"required":[]}}}},"actions":{"Send_an_HTTP_request_to_SharePoint_(Create_SafetyList)":{"runAfter":{},"metadata":{"operationMetadataId":"a94964d9-c58c-4919-bae0-687410a6baa5"},"type":"OpenApiConnection","inputs":{"host":{"apiId":"/providers/Microsoft.PowerApps/apis/shared_sharepointonline","connectionName":"shared_sharepointonline","operationId":"HttpRequest"},"parameters":{"dataset":"Add your site","parameters/method":"POST","parameters/uri":"_api/web/Lists/","parameters/headers":{"accept":"application/json;odata=verbose","content":"type-application/json;odata=verbose"},"parameters/body":"{\n  \"AllowContentTypes\": true,\n  \"BaseTemplate\": 100,\n \"ContentTypesEnabled\": true,\n \"Description\": \"My list description\",\n \"Title\": \"SafetyList\"\n}\n"},"authentication":{"value":"@json(decodeBase64(triggerOutputs().headers['X-MS-APIM-Tokens']))['$ConnectionKey']","type":"Raw"}}},"Send_an_HTTP_request_to_SharePoint_(State_Name)":{"runAfter":{"Send_an_HTTP_request_to_SharePoint_(Create_SafetyList)":["Succeeded"]},"metadata":{"operationMetadataId":"8a014698-239d-4ede-87aa-74b5d6b51f11"},"type":"OpenApiConnection","inputs":{"host":{"apiId":"/providers/Microsoft.PowerApps/apis/shared_sharepointonline","connectionName":"shared_sharepointonline","operationId":"HttpRequest"},"parameters":{"dataset":"Add your Site","parameters/method":"POST","parameters/uri":"_api/web/lists/GetByTitle('SafetyList')/fields","parameters/headers":{"content-type":"application/json;odata=verbose","accept":"application/json;odata=verbose"},"parameters/body":"{\n\"__metadata\": {\n          \"type\": \"SP.FieldText\"\n        },\n        \"FieldTypeKind\": 2,\n        \"Title\": \"State\"\n},"},"authentication":{"value":"@json(decodeBase64(triggerOutputs().headers['X-MS-APIM-Tokens']))['$ConnectionKey']","type":"Raw"}}}}},"connectionReferences":{"shared_sharepointonline":{"connectionName":"309c3089ec5e49b5af7cba9efccef179","source":"Invoker","id":"/providers/Microsoft.PowerApps/apis/shared_sharepointonline","tier":"NotSpecified"}},"flowFailureAlertSubscribed":false,"isManaged":false}}